2025-11-28_23-00-08,0,draft.py:2025-11-28_23-00-08
2025-11-28_23-00-08,0,draft.py:2025-11-28_23-00-08
2025-11-29_00-36-09,0,draft.py:2025-11-29_00-36-09
2025-11-29_00-36-18,0,draft.py:2025-11-29_00-36-09
2025-11-29_00-43-34,0,draft.py:2025-11-29_00-43-34
2025-11-29_00-43-35,0,draft.py:2025-11-29_00-43-34
2025-11-29_00-43-37,---,draft.py:2025-11-29_00-43-34
2025-11-29_00-44-04,0,draft.py:2025-11-29_00-44-04
2025-11-29_00-55-54,0,draft.py:2025-11-29_00-44-04
2025-11-29_00-55-55,0,draft.py:2025-11-29_00-44-04
2025-11-29_01-36-03,0,draft.py:2025-11-29_01-36-03
2025-11-29_01-59-31,0,draft.py:2025-11-29_01-36-03
2025-11-29_02-10-22,0,draft.py:2025-11-29_01-36-03
2025-11-29_22-55-39,0,draft.py:2025-11-29_01-36-03
2025-11-29_23-17-01,0,draft.py:2025-11-29_23-17-01
2025-11-29_23-17-02,0,draft.py:2025-11-29_23-17-01
2025-11-29_23-21-43,0,draft.py:2025-11-29_23-21-43
2025-11-29_23-50-43,0,draft.py:2025-11-29_23-50-43
2025-11-30_03-17-38,0,draft.py:2025-11-30_03-17-38
2025-11-30_03-17-39,0,draft.py:2025-11-30_03-17-38
2025-11-30_03-17-39,0,draft.py:2025-11-30_03-17-38
2025-11-30_03-17-39,0,draft.py:2025-11-30_03-17-38
2025-11-30_03-28-49,0,draft.py:2025-11-30_03-28-49
2025-11-30_03-29-09,0,draft.py:2025-11-30_03-28-49
2025-11-30_03-34-08,0,draft.py:2025-11-30_03-34-08
2025-11-30_03-34-09,0,draft.py:2025-11-30_03-34-08
2025-11-30_03-34-09,0,draft.py:2025-11-30_03-34-08
2025-11-30_03-34-45,0,draft.py:2025-11-30_03-34-45
2025-11-30_03-34-45,0,draft.py:2025-11-30_03-34-45
2025-11-30_03-34-46,0,draft.py:2025-11-30_03-34-46
2025-11-30_03-34-46,0,draft.py:2025-11-30_03-34-46
2025-11-30_03-34-46,0,draft.py:2025-11-30_03-34-46
2025-11-30_03-34-46,0,draft.py:2025-11-30_03-34-46
2025-11-30_03-35-19,0,draft.py:2025-11-30_03-35-19
2025-11-30_03-35-21,0,draft.py:2025-11-30_03-35-19
2025-11-30_03-35-22,0,draft.py:2025-11-30_03-35-19
2025-11-30_03-35-22,0,draft.py:2025-11-30_03-35-19
2025-11-30_03-35-22,0,draft.py:2025-11-30_03-35-19
2025-11-30_03-35-22,0,draft.py:2025-11-30_03-35-19
2025-11-30_03-35-22,0,draft.py:2025-11-30_03-35-19
2025-11-30_03-35-23,0,draft.py:2025-11-30_03-35-19
2025-11-30_03-35-23,0,draft.py:2025-11-30_03-35-19
2025-11-30_03-35-23,0,draft.py:2025-11-30_03-35-19
2025-11-30_03-45-34,0,draft.py:2025-11-30_03-45-34
2025-11-30_03-45-35,0,draft.py:2025-11-30_03-45-34
2025-11-30_03-52-24,0,draft.py:2025-11-30_03-52-24
2025-11-30_03-52-25,0,draft.py:2025-11-30_03-52-24
2025-11-30_03-53-11,0,draft.py:2025-11-30_03-53-11
2025-11-30_03-54-08,0,draft.py:2025-11-30_03-54-08
2025-11-30_03-54-18,0,draft.py:2025-11-30_03-54-18
2025-11-30_03-54-25,25,draft.py:2025-11-30_03-54-25
2025-11-30_03-55-24,25,draft.py:2025-11-30_03-54-25
2025-11-30_03-56-26,25,draft.py:2025-11-30_03-56-26
2025-11-30_04-06-29,25,draft.py:2025-11-30_04-06-29
2025-11-30_04-07-21,25,draft.py:2025-11-30_04-07-21
2025-11-30_04-07-52,25,draft.py:2025-11-30_04-07-52
2025-11-30_04-09-09,25,draft.py:2025-11-30_04-09-09
2025-11-30_04-09-09,25,draft.py:2025-11-30_04-09-09
2025-11-30_04-17-53,0,draft.py:2025-11-30_04-17-53
2025-11-30_04-18-26,37,draft.py:2025-11-30_04-18-26
2025-11-30_04-19-27,62,draft.py:2025-11-30_04-19-27
2025-12-02_22-45-38,0,draft.py:2025-12-02_22-45-38
2025-12-02_22-45-38,0,draft.py:2025-12-02_22-45-38
2025-12-02_22-45-38,0,draft.py:2025-12-02_22-45-38
2025-12-02_22-45-39,0,draft.py:2025-12-02_22-45-38
2025-12-03_01-46-02,0,draft.py:2025-12-02_22-45-38
2025-12-03_01-47-20,0,draft.py:2025-12-02_22-45-38
2025-12-03_01-47-20,0,draft.py:2025-12-02_22-45-38
2025-12-03_01-47-21,0,draft.py:2025-12-02_22-45-38
2025-12-03_01-49-30,0,draft.py:2025-12-02_22-45-38
2025-12-03_01-49-30,0,draft.py:2025-12-02_22-45-38
2025-12-03_01-49-30,0,draft.py:2025-12-02_22-45-38
2025-12-03_01-55-16,62,draft.py:2025-12-03_01-55-16
2025-12-03_01-55-17,62,draft.py:2025-12-03_01-55-16
2025-12-03_01-55-17,62,draft.py:2025-12-03_01-55-16
2025-12-03_01-55-17,62,draft.py:2025-12-03_01-55-16
2025-12-03_01-55-17,62,draft.py:2025-12-03_01-55-16
2025-12-03_01-55-17,62,draft.py:2025-12-03_01-55-16
2025-12-03_01-55-18,62,draft.py:2025-12-03_01-55-16
2025-12-03_01-55-18,62,draft.py:2025-12-03_01-55-16
2025-12-03_01-55-18,62,draft.py:2025-12-03_01-55-16
2025-12-03_01-55-18,62,draft.py:2025-12-03_01-55-16
2025-12-03_01-59-55,62,draft.py:2025-12-03_01-59-55
2025-12-03_02-02-36,62,draft.py:2025-12-03_02-02-36
2025-12-03_02-04-35,62,draft.py:2025-12-03_02-04-35
2025-12-03_02-04-39,62,draft.py:2025-12-03_02-04-39
2025-12-03_02-04-39,62,draft.py:2025-12-03_02-04-39
2025-12-03_02-04-39,62,draft.py:2025-12-03_02-04-39
2025-12-03_02-04-40,62,draft.py:2025-12-03_02-04-39
2025-12-03_02-05-46,62,draft.py:2025-12-03_02-04-39
2025-12-03_02-05-47,62,draft.py:2025-12-03_02-04-39
2025-12-03_02-05-47,62,draft.py:2025-12-03_02-04-39
2025-12-03_02-08-30,62,draft.py:2025-12-03_02-08-30
2025-12-03_02-14-24,62,draft.py:2025-12-03_02-14-24
2025-12-03_02-14-45,62,draft.py:2025-12-03_02-14-45
2025-12-03_02-14-45,62,draft.py:2025-12-03_02-14-45
2025-12-03_02-41-01,62,draft.py:2025-12-03_02-41-01
2025-12-03_02-43-28,62,draft.py:2025-12-03_02-43-28
2025-12-03_02-43-28,62,draft.py:2025-12-03_02-43-28
2025-12-03_02-43-29,62,draft.py:2025-12-03_02-43-29
2025-12-03_02-43-29,62,draft.py:2025-12-03_02-43-29
2025-12-03_02-43-29,62,draft.py:2025-12-03_02-43-29
2025-12-03_02-43-30,62,draft.py:2025-12-03_02-43-29
2025-12-03_02-43-30,62,draft.py:2025-12-03_02-43-29
2025-12-03_02-43-30,62,draft.py:2025-12-03_02-43-29
2025-12-03_02-43-30,62,draft.py:2025-12-03_02-43-29
2025-12-03_02-43-31,62,draft.py:2025-12-03_02-43-29
2025-12-03_02-43-31,62,draft.py:2025-12-03_02-43-29
2025-12-03_02-43-31,62,draft.py:2025-12-03_02-43-29
2025-12-03_02-43-31,62,draft.py:2025-12-03_02-43-29
2025-12-03_02-43-31,62,draft.py:2025-12-03_02-43-29
2025-12-03_02-48-23,75,draft.py:2025-12-03_02-48-23
2025-12-03_02-48-43,75,draft.py:2025-12-03_02-48-23
2025-12-03_02-55-38,0,draft.py:2025-12-03_02-55-38
2025-12-03_02-58-48,87,draft.py:2025-12-03_02-58-48
2025-12-03_03-00-32,87,draft.py:2025-12-03_03-00-32
2025-12-03_03-01-31,87,draft.py:2025-12-03_03-01-31
2025-12-03_03-05-16,100,draft.py:2025-12-03_03-05-16
2025-12-03_03-11-23,100,draft.py:2025-12-03_03-05-16
